college_id,college_name,college_code,college_type,location
1002,"Government College of Engineering, Amravati",1002,Government Autonomous,Amravati
1005,"Sant Gadge Baba Amravati University,Amravati",1005,University Department,Amravati
1012,"Government College of Engineering,Yavatmal",1012,Government,Yavatmal
1101,"Shri Sant Gajanan Maharaj College of Engineering,Shegaon",1101,Un-Aided,Shegaon
1105,"Prof. Ram Meghe Institute of Technology & Research, Amravati",1105,Un-Aided Autonomous,Amravati
1107,"P. R. Pote Patil College of Engineering & Management, Amravati",1107,Un-Aided Autonomous,Amravati
1114,"Sipna Shikshan Prasarak Mandal College of Engineering & Technology, Amravati",1114,Un-Aided Autonomous,Amravati
1116,"Shri Shivaji Education Society's College of Engineering and Technology, Akola",1116,Un-Aided,Akola
1117,"Janata Shikshan Prasarak Mandal’s Babasaheb Naik College Of Engineering, Pusad",1117,Un-Aided,Pusad
1119,ANURADHA COLLEGE OF ENGINEERING & TECHNOLOGY,1119,Un-Aided,Unknown
1120,"Jawaharlal Darda Institute of Engineering and Technology, Yavatmal",1120,Un-Aided Autonomous,Yavatmal
1121,"Shri Hanuman Vyayam  Prasarak Mandals College of Engineering & Technology, Amravati",1121,Un-Aided,Amravati
1123,"Dr.Rajendra Gode Institute of Technology & Research, Amravati",1123,Un-Aided,Amravati
1125,"Dwarka Bahu Uddeshiya Gramin Vikas Foundation, Rajarshi Shahu College of Engineering, Buldhana",1125,Un-Aided,Buldhana
1126,"Takshashila Institute of Engineering & Technology, Darapur, Amravati",1126,Un-Aided,Amravati
1127,"Jagadambha Bahuuddeshiya Gramin Vikas Sanstha's Jagdambha College of Engineering and Technology, Yavatmal",1127,Un-Aided Autonomous,Yavatmal
1128,"Prof Ram Meghe College of Engineering  and Management, Badnera",1128,Un-Aided,Badnera
1130,"Vision Buldhana Educational & Welfare Society's Pankaj Laddhad Institute of Technology & Management Studies, Yelgaon",1130,Un-Aided,Yelgaon
1180,"Sanmati Engineering College, Sawargaon Barde, Washim",1180,Un-Aided,Washim
1182,"Padmashri Dr. V.B.  Kolte College of Engineering, Malkapur, Buldhana",1182,Un-Aided,Buldhana
1265,"Mauli Group of Institutions, College of Engineering and Technology, Shegaon.",1265,Un-Aided,Shegaon.
1268,"Siddhivinayak Technical Campus, School of Engineering & Research Technology, Shirasgon, Nile",1268,Un-Aided,Nile
1276,"Manav School of Engineering & Technology, Gut No. 1035 Nagpur Surat Highway, NH No. 6 Tal.Vyala, Balapur, Akola,  444302",1276,Un-Aided,444302
2008,"Government College of Engineering,  Chhatrapati Sambhajinagar",2008,Government Autonomous,Chhatrapati Sambhajinagar
2015,"PURANMAL LAHOTI GOVERNMENT INSTITUTE OF ENGINEERING AND TECHNOLOGY, LATUR",2015,Government,LATUR
2020,"Shri Guru Gobind Singhji Institute of Engineering and Technology, Nanded",2020,Government Autonomous,Nanded
2021,"University Department of Chemical Technology, Aurangabad",2021,University Department,Aurangabad
2032,"Institute of Chemical Technology, Mumbai Marathwada off campus, Jalna",2032,Unknown,Jalna
2111,"Everest Education Society, Group of Institutions (Integrated Campus), Ohar",2111,Un-Aided,Ohar
2112,"Shree Yash Pratishthan, Shreeyash College of Engineering and Technology, Aurangabad",2112,Un-Aided,Aurangabad
2113,"G. S. Mandal's Maharashtra Institute of Technology, Aurangabad",2113,Un-Aided Autonomous,Aurangabad
2114,"Deogiri Institute of Engineering and Management Studies, Aurangabad",2114,Un-Aided Autonomous,Aurangabad
2116,"Matoshri Pratishan's Group of Institutions (Integrated Campus), Kupsarwadi , Nanded",2116,Un-Aided,Nanded
2127,"Mahatma Gandhi Missions College of Engineering, Hingoli Rd, Nanded.",2127,Un-Aided,Nanded.
2129,"M.S. Bidve Engineering College, Latur",2129,Un-Aided,Latur
2130,"Terna Public Charitable Trust's College of Engineering, Osmanabad",2130,Un-Aided,Osmanabad
2131,"Shree Tuljabhavani College of Engineering, Tuljapur",2131,Un-Aided,Tuljapur
2133,"Mahatma Basaweshwar Education Society's College of Engineering, Ambejogai",2133,Un-Aided,Ambejogai
2134,"Peoples Education Society's College of Engineering, Aurangabad",2134,Un-Aided Autonomous,Aurangabad
2135,"Hi-Tech Institute of Technology, Aurangabad",2135,Un-Aided,Aurangabad
2136,"Aditya Engineering College , Beed",2136,Un-Aided,Beed
2137,"Nagnathappa Halge Engineering  College, Parli, Beed",2137,Un-Aided,Beed
2138,"Matsyodari Shikshan Sansatha's College of Engineering and Technology, Jalna",2138,Un-Aided,Jalna
2146,"Adarsh Shikshan Prasarak Mandal's K. T. Patil College of Engineering and Technology, Osmanabad",2146,Un-Aided,Osmanabad
2189,"Vishweshwarayya Institute Of Engineering And Technology, Almala, Tq. Ausa, Dist. Latur",2189,Un-Aided,Dist. Latur
2250,"Aurangabad College of Engineering,  Naygaon Savangi, Aurangabad",2250,Un-Aided,Aurangabad
2252,"Marathwada Shikshan Prasarak Mandal's Shri Shivaji Institute of Engineering and Management Studies, Parbhani",2252,Un-Aided,Parbhani
2254,"Vilasrao Deshmukh Foundation Group of Institutions, Latur",2254,Un-Aided,Latur
2282,"Mitthulalji Sarada Institute Of Technology, Nalwandi Road, Beed",2282,Un-Aided,Beed
2508,GRAMIN TECHNICAL AND MANAGEMENT CAMPUS NANDED.,2508,Un-Aided,Unknown
2516,International Centre Of Excellence In Engineering  and Management (ICEEM),2516,Un-Aided,Unknown
2522,"STMEI's Sandipani Technical Campus-Faculty of Engineering, Latur.",2522,Un-Aided,Latur.
2533,"CSMSS Chh. Shahu College of Engineering, Aurangabad",2533,Un-Aided,Aurangabad
2634,"Eaglewood Polytechnic Institute, A.P Phulepimpalgaon",2634,Un-Aided,A.P Phulepimpalgaon
2637,"Jijau Institute of Engineering Technology and Management, Khandgaon (Bendri), Taluka Naigaon, District Nanded",2637,Un-Aided,District Nanded
2641,Dr. V.K. Patil College of Engineering & Technology,2641,Un-Aided,Unknown
2666,Mangaldeep College of Engineering,2666,Un-Aided,Unknown
2758,Sant Eknath College of Engineering,2758,Un-Aided,Unknown
2770,"Shetkari Shikshan Prasarak Mandal's Mahesh Institute of Engineering and Technology , Ashti",2770,Un-Aided,Ashti
2771,Amolak College of Engineering Kada,2771,Un-Aided,Unknown
2772,JSPM College of Engineering,2772,Un-Aided,Unknown
2777,CDS College of Engineering,2777,Un-Aided,Unknown
2779,NKSPT INSTITUTE OF ENGINEERING AND TECHNOLOGY PATHIKAR CAMPUS,2779,Un-Aided,Unknown
3012,"Veermata Jijabai Technological Institute(VJTI), Matunga, Mumbai",3012,Government Autonomous,Mumbai
3014,"Sardar Patel College of Engineering, Andheri",3014,Government Autonomous,Andheri
3025,Svkm's Shri Bhagubhai Mafatlal Polytechnic & College of Engineering,3025,Un-Aided,Unknown
3033,"Dr. Babasaheb Ambedkar Technological University, Lonere",3033,Unknown,Lonere
3035,"Usha Mittal Institute of Technology SNDT  Women's University, Mumbai",3035,Un-Aided,Mumbai
3036,"Institute of Chemical Technology, Matunga, Mumbai",3036,Unknown,Mumbai
3042,"Loknete Shamrao Peje Government College of Engineering, Ratnagiri",3042,Government,Ratnagiri
3135,"Manjara Charitable Trust's Rajiv Gandhi Institute of Technology, Mumbai",3135,Un-Aided,Mumbai
3139,"Vidyalankar Institute of Technology,Wadala, Mumbai",3139,Un-Aided Autonomous,Mumbai
3143,"Thakur Shyamnarayan Engineering College, Mumbai",3143,Un-Aided,Mumbai
3146,"Jawahar Education Society's Annasaheb Chudaman Patil College of Engineering,Kharghar, Navi Mumbai",3146,Un-Aided,Navi Mumbai
3147,"Saraswati Education Society, Yadavrao Tasgaonkar  Institute of Engineering & Technology, Karjat",3147,Un-Aided,Karjat
3148,"Mahavir Education Trust's Shah & Anchor Kutchhi Engineering College, Mumbai",3148,Un-Aided Autonomous,Mumbai
3154,"Saraswati Education Society's Saraswati College of Engineering,Kharghar Navi Mumbai",3154,Un-Aided Autonomous,Kharghar Navi Mumbai
3175,"M.G.M.'s College of Engineering and Technology, Kamothe, Navi Mumbai",3175,Un-Aided,Navi Mumbai
3176,"Thakur College of Engineering and Technology, Kandivali, Mumbai",3176,Un-Aided Autonomous,Mumbai
3182,"Thadomal Shahani Engineering College, Bandra, Mumbai",3182,Un-Aided,Mumbai
3183,"Anjuman-I-Islam's M.H. Saboo Siddik College of Engineering, Byculla, Mumbai",3183,Un-Aided,Mumbai
3184,"Fr. Conceicao Rodrigues College of Engineering, Bandra,Mumbai",3184,Un-Aided Autonomous,Mumbai
3185,"Vivekanand Education Society's Institute of Technology, Chembur, Mumbai",3185,Un-Aided Autonomous,Mumbai
3187,"N.Y.S.S.'s Datta Meghe College of Engineering, Airoli, Navi Mumbai",3187,Un-Aided,Navi Mumbai
3188,"Vasantdada Patil Pratishthan's College Of Engineering and Visual Arts, Sion, Mumbai",3188,Un-Aided,Mumbai
3189,"Bharati Vidyapeeth College of Engineering,  Navi Mumbai",3189,Un-Aided,Navi Mumbai
3190,"Terna Engineering College, Nerul, Navi Mumbai",3190,Un-Aided,Navi Mumbai
3192,"Smt. Indira Gandhi College of Engineering, Navi Mumbai",3192,Un-Aided Autonomous,Navi Mumbai
3193,"Shivajirao S. Jondhale College of Engineering, Dombivali,Mumbai",3193,Un-Aided,Mumbai
3194,"Vidyavardhini's College of Engineering and Technology, Vasai",3194,Un-Aided,Vasai
3196,"Lokmanya Tilak College of Engineering, Kopar Khairane, Navi Mumbai",3196,Un-Aided Autonomous,Navi Mumbai
3197,"Agnel Charities' FR. C. Rodrigues Institute of Technology, Vashi, Navi Mumbai",3197,Un-Aided Autonomous,Navi Mumbai
3198,"Konkan Gyanpeeth College of Engineering, Karjat",3198,Un-Aided,Karjat
3199,"Shri Vile Parle Kelvani Mandal's Dwarkadas J. Sanghvi College of Engineering, Vile Parle,Mumbai",3199,Un-Aided Autonomous,Mumbai
3200,"Hope Foundation and research center's  Finolex Academy of Management and Technology, Ratnagiri",3200,Un-Aided,Ratnagiri
3201,"Rizvi Education Society's Rizvi College of Engineering, Bandra,Mumbai",3201,Un-Aided,Mumbai
3202,Rajendra Mane College of Engineering & Technology  Ambav Deorukh,3202,Un-Aided,Unknown
3203,"Atharva College of Engineering,Malad(West),Mumbai",3203,Un-Aided,Mumbai
3204,"St. Francis Institute of Technology,Borivali, Mumbai",3204,Un-Aided Autonomous,Mumbai
3206,"S.S.P.M.'s College of Engineering, Kankavli",3206,Un-Aided,Kankavli
3207,"Mahatma Education Society's Pillai College of Engineering, New Panvel",3207,Un-Aided Autonomous,New Panvel
3208,"Don Bosco Institute of Technology, Mumbai",3208,Un-Aided Autonomous,Mumbai
3209,K J Somaiya Institute of Technology,3209,Un-Aided Autonomous,Unknown
3210,"Excelsior Education Society's K.C. College of Engineering and Management Studies and Research, Kopri, Thane (E)",3210,Un-Aided,Thane (E)
3211,"S.I.E.S. Graduate School of Technology, Nerul, Navi Mumbai",3211,Un-Aided Autonomous,Navi Mumbai
3212,"Watumull Institute of  Engineering & Technology, Ulhasnagar",3212,Un-Aided,Ulhasnagar
3214,"Xavier Institute Of Engineering C/O  Xavier Technical Institute,Mahim,Mumbai",3214,Un-Aided Autonomous,Mumbai
3215,"Bhartiya Vidya Bhavan's Sardar Patel Institute  of Technology , Andheri, Mumbai",3215,Un-Aided Autonomous,Mumbai
3216,"Gharda Foundation's Gharda Institute of Technology,Khed, Ratnagiri",3216,Un-Aided,Ratnagiri
3217,"Vighnaharata Trust's  Shivajirao S. Jondhale College of Engineering & Technology, Shahapur, Asangaon, Dist Thane",3217,Un-Aided,Dist Thane
3218,"Aldel Education Trust's St. John College of Engineering & Management, Vevoor, Palghar",3218,Un-Aided Autonomous,Palghar
3219,"Koti Vidya Charitable Trust's  Smt. Alamuri Ratnamala Institute of Engineering and Technology,  Sapgaon, Tal. Shahapur",3219,Un-Aided,Tal. Shahapur
3220,Yadavrao Tasgaonkar College of Engineering & Management,3220,Un-Aided,Unknown
3221,"Vishnu Waman Thakur Charitable Trust's VIVA Institute of Technology, Virar",3221,Un-Aided,Virar
3222,"Haji Jamaluddin Thim Trust's Theem College of Engineering, At. Villege Betegaon, Boisar",3222,Un-Aided,Boisar
3223,"Mahatma Education Society's Pillai HOC College of Engineering & Technology, Tal. Khalapur. Dist. Raigad",3223,Un-Aided Autonomous,Tal. Khalapur. Dist. Raigad
3224,"Leela Education Society, G.V. Acharya Institute of Engineering and Technology, Shelu, Karjat",3224,Un-Aided,Karjat
3257,"Vidya Prasarak Mandal's College of Engineering, Thane",3257,Un-Aided,Thane
3277,Pravin Rohidas Patil College of Engineering & Technology,3277,Un-Aided,Unknown
3351,"Bharat College of Engineering, Kanhor, Badlapur(W)",3351,Un-Aided,Badlapur(W)
3353,"Dilkap Research Institute Of Engineering and Management Studies, At.Mamdapur, Post- Neral, Tal- Karjat,  Mumbai",3353,Un-Aided,Mumbai
3423,"Shree L.R. Tiwari College of Engineering, Mira Road, Mumbai",3423,Un-Aided Autonomous,Mumbai
3436,"B.R. Harne College of Engineering & Technology, Karav, Tal-Ambernath.",3436,Un-Aided,Tal-Ambernath.
3439,"Anjuman-I-Islam's Kalsekar Technical Campus, Panvel",3439,Un-Aided Autonomous,Panvel
3440,"Metropolitan Institute of Technology & Management, Sukhalwad, Sindhudurg.",3440,Un-Aided,Sindhudurg.
3445,"Vishwatmak Jangli Maharaj Ashram Trust (Kokamthan), Atma Malik Institute Of Technology & Research",3445,Un-Aided,Atma Malik Institute Of Technology & Research
3447,"G.M.Vedak Institute of Technology, Tala, Raigad.",3447,Un-Aided,Raigad.
3462,"VPM's Maharshi Parshuram College of Engineering, Velneshwar, Ratnagiri.",3462,Un-Aided,Ratnagiri.
3465,"Ideal Institute of Technology, Wada, Dist.Thane",3465,Un-Aided,Dist.Thane
3467,"Vishwaniketan's Institute of Management Entrepreneurship and Engineering Technology(i MEET), Khalapur Dist Raigad",3467,Un-Aided,Khalapur Dist Raigad
3470,YASHWANTRAO BHONSALE INSTITUTE OF TECHNOLOGY,3470,Un-Aided,Unknown
3471,"New Horizon Institute of Technology & Management, Thane",3471,Un-Aided,Thane
3475,"A. P. Shah Institute of Technology, Thane",3475,Un-Aided,Thane
3477,"Chhartrapati Shivaji Maharaj Institute of Technology, Shedung, Panvel",3477,Un-Aided,Panvel
3503,"Indala College Of Engineering, Bapsai Tal.Kalyan",3503,Un-Aided,Bapsai Tal.Kalyan
3546,Devi Mahalaxmi College of Engineering and Technology,3546,Un-Aided,Unknown
3723,Navjeevan Education Society's College of Engineering,3723,Un-Aided,Unknown
3724,Thakur Shree DPS College of Engineering & Management,3724,Un-Aided,Unknown
3725,"MAEER's Maharashtra Institute of Technology, Thane",3725,Un-Aided,Thane
3726,Imperial College of Engineering,3726,Un-Aided,Unknown
4004,"Government College of Engineering, Chandrapur",4004,Government,Chandrapur
4025,"Government College of Engineering, Nagpur",4025,Government,Nagpur
4104,"Kavi Kulguru Institute of Technology & Science, Ramtek",4104,Un-Aided Autonomous,Ramtek
4116,"Ankush Shikshan Sanstha's G.H.Raisoni College of Engineering, Nagpur",4116,Un-Aided Autonomous,Nagpur
4118,"Bapurao Deshmukh College of Engineering, Sevagram",4118,Un-Aided,Sevagram
4123,"Lokmanya Tilak Jankalyan Shikshan Sanstha, Priyadarshani College of Engineering, Nagpur",4123,Un-Aided Autonomous,Nagpur
4133,"Sanmarg Shikshan Sanstha's Smt. Radhikatai Pandav College of Engineering, Nagpur",4133,Un-Aided,Nagpur
4134,"Guru Nanak Institute of Engineering & Technology,Kalmeshwar, Nagpur",4134,Un-Aided,Nagpur
4135,"Amar Seva Mandal's Shree Govindrao Vanjari College of Engineering &  Technology, Nagpur",4135,Un-Aided,Nagpur
4137,"Sir Shantilal Badjate Charitable Trust's S. B. Jain Institute of technology, Management & Research, Nagpur",4137,Un-Aided Autonomous,Nagpur
4138,"Jaidev Education Society, J D College of Engineering and Management, Nagpur",4138,Un-Aided Autonomous,Nagpur
4139,"Samridhi Sarwajanik Charitable Trust, Jhulelal Institute of Technology, Nagpur",4139,Un-Aided Autonomous,Nagpur
4141,"Shriram Gram Vikas Shikshan Sanstha, Vilasrao Deshmukh College of Engineering and Technology, Nagpur",4141,Un-Aided,Nagpur
4142,"G H Raisoni College of Engineering & Management, Nagpur",4142,Un-Aided Autonomous,Nagpur
4143,"Sanmarg Shikshan Sanstha, Mandukarrao Pandav College of Engineering, Bhandara",4143,Un-Aided,Bhandara
4144,"Shri. Sai Shikshan Sanstha, Nagpur Institute of Technology, Nagpur",4144,Un-Aided,Nagpur
4145,"Wainganga College of Engineering and Management, Dongargaon, Nagpur",4145,Un-Aided Autonomous,Nagpur
4147,"K.D.K. College of Engineering, Nagpur",4147,Un-Aided Autonomous,Nagpur
4151,"Tulsiramji Gaikwad Patil College of Engineering & Technology, Nagpur",4151,Un-Aided Autonomous,Nagpur
4163,Rajiv Gandhi College of Engineering Research & Technology  Chandrapur,4163,Un-Aided,Unknown
4167,"Yeshwantrao Chavan College of Engineering,Wanadongri, Nagpur",4167,Un-Aided Autonomous,Nagpur
4172,"Anjuman College of Engineering & Technology, Nagpur",4172,Un-Aided,Nagpur
4174,"ST. Vincent Pallotti College of Engineering & Technology, Nagpur",4174,Un-Aided Autonomous,Nagpur
4175,"JMSS Shri Shankarprasad Agnihotri College of Engineering, Wardha",4175,Un-Aided,Wardha
4177,"Priyadarshini Bhagwati  College of Engineering, Harpur Nagar, Umred Road,Nagpur",4177,Un-Aided Autonomous,Nagpur
4181,"Swaminarayan Siddhanta Institute Of Technology, Nagpur",4181,Un-Aided,Nagpur
4188,"Krushi Jivan Vikas Pratishthan, Ballarpur Institute of Technology, Mouza Bamni",4188,Un-Aided,Mouza Bamni
4190,"M.D. Yergude Memorial Shikshan Prasarak Mandal's Shri Sai College of Engineering & Technology, Bhadrawati",4190,Un-Aided,Bhadrawati
4192,"Maitraya Education Society, Nagarjuna Institute of Engineering Technology & Management, Nagpur",4192,Un-Aided,Nagpur
4193,"K.D.M. Education Society, Vidharbha Institute of Technology,Umred Road ,Nagpur",4193,Un-Aided Autonomous,Nagpur
4196,"Gurunanak Educational Society's Gurunanak Institute of Technology, Nagpur",4196,Un-Aided,Nagpur
4197,"Jai Mahakali Shikshan Sanstha, Agnihotri College of Engineering, Sindhi(Meghe)",4197,Un-Aided,Sindhi(Meghe)
4302,"Gondia Education Society's Manoharbhai Patel Institute Of Engineering & Technology, Shahapur, Bhandara",4302,Un-Aided,Bhandara
4613,"Suryodaya College of Engineering & Technology, Nagpur",4613,Un-Aided Autonomous,Nagpur
4648,"R.V. Parankar College of Engineering & Technology, Arvi, Dist Wardha",4648,Un-Aided,Dist Wardha
4649,"Bajaj Institute of Technology, Wardha",4649,Un-Aided,Wardha
4679,"Karanjekar College of Engineering & Management, Sakoli",4679,Un-Aided,Sakoli
4703,"Somayya Institute of Technology,  Chandrapur",4703,Un-Aided,Chandrapur
5003,"University Institute  of Chemical Technology, North Maharashtra University, Jalgaon",5003,University Department,Jalgaon
5004,"Government College of Engineering, Jalgaon",5004,Government Autonomous,Jalgaon
5103,"Shri Shivaji Vidya Prasarak Sanstha's Late Bapusaheb Shivaji Rao Deore College of Engineering,Dhule",5103,Un-Aided,Dhule
5104,"Shramsadhana Bombay Trust, College of Engineering & Technology, Jalgaon",5104,Un-Aided,Jalgaon
5106,"Khandesh College Education Society's College Of Engineering And Management, Jalgaon",5106,Un-Aided Autonomous,Jalgaon
5108,"Maratha Vidya Prasarak Samaj's Karmaveer Adv. Baburao Ganpatrao Thakare College Of Engineering, Nashik",5108,Un-Aided Autonomous,Nashik
5109,"Sandip Foundation, Sandip Institute of Technology and Research Centre, Mahiravani, Nashik",5109,Un-Aided Autonomous,Nashik
5121,"K. K. Wagh Institute of Engineering Education and Research, Nashik",5121,Un-Aided Autonomous,Nashik
5124,"Jagadamba Education Soc. Nashik's S.N.D. College of Engineering & Reserch, Babulgaon",5124,Un-Aided,Babulgaon
5125,"Pravara Rural Education Society's Sir Visvesvaraya Institute of Technology, Chincholi Dist. Nashik",5125,Un-Aided,Chincholi Dist. Nashik
5130,"Brahma Valley College of Engineering & Research, Trimbakeshwar, Nashik",5130,Un-Aided,Nashik
5139,"Pravara Rural College of Engineering, Loni, Pravaranagar, Ahmednagar.",5139,Un-Aided,Ahmednagar.
5151,"MET Bhujbal Knowledge City MET League's Engineering College, Adgaon, Nashik.",5151,Un-Aided,Nashik.
5152,"G H Raisoni College of  Engineering and Management, Jalgaon",5152,Un-Aided Autonomous,Jalgaon
5160,"Sanjivani Rural Education Society's Sanjivani College of Engineering, Kopargaon",5160,Un-Aided Autonomous,Kopargaon
5161,"Dr. Vithalrao Vikhe Patil College of Engineering, Ahmednagar",5161,Un-Aided,Ahmednagar
5162,"Amrutvahini Sheti & Shikshan Vikas Sanstha's Amrutvahini College of Engineering, Sangamner",5162,Un-Aided Autonomous,Sangamner
5164,"P.S.G.V.P. Mandal's D.N. Patel College of Engineering, Shahada, Dist. Nandurbar",5164,Un-Aided,Dist. Nandurbar
5168,"T.M.E. Society's J.T.Mahajan College of Engineering, Faizpur",5168,Un-Aided,Faizpur
5169,"Nagaon  Education Society's Gangamai College of Engineering, Nagaon, Tal Dist Dhule",5169,Un-Aided,Tal Dist Dhule
5170,"Hindi Seva Mandal's Shri Sant Gadgebaba College of Engineering & Technology, Bhusawal",5170,Un-Aided Autonomous,Bhusawal
5171,"Godavari Foundation's Godavari College Of Engineering,  Jalgaon",5171,Un-Aided,Jalgaon
5172,"R. C. Patel Institute of Technology, Shirpur",5172,Un-Aided Autonomous,Shirpur
5173,"SNJB's Late Sau. Kantabai Bhavarlalji Jain College of Engineering,  (Jain Gurukul), Neminagar,Chandwad,(Nashik)",5173,Un-Aided Autonomous,(Nashik)
5177,"Matoshri College of Engineering and Research Centre, Eklahare, Nashik",5177,Un-Aided Autonomous,Nashik
5179,"Vishwabharati Academy's College of Engineering, Ahmednagar",5179,Un-Aided,Ahmednagar
5181,"Gokhale Education Society's, R.H. Sapat College of Engineering, Management Studies and Research, Nashik",5181,Un-Aided,Nashik
5182,"Kalyani Charitable Trust, Late Gambhirrao Natuba Sapkal College of Engineering, Anjaneri, Trimbakeshwar Road, Nashik",5182,Un-Aided,Nashik
5184,"Amruta Vaishnavi Education & Welfare Trust's Shatabdi Institute of Engineering & Research, Agaskhind Tal. Sinnar",5184,Un-Aided,Agaskhind Tal. Sinnar
5223,"SMT. SHARCHCHANDRIKA SURESH PATIL INSTITUTE OF TECHNOLOGY (ENGINEERING & POLYTECHNIC), CHOPDA",5223,Un-Aided,CHOPDA
5239,JAMIA INSTITUTE OF TECHNOLOGY,5239,Un-Aided,Unknown
5244,"MET's Institute of Technology Polytechnic, Bhujbal Knowledge City, Adgaon Nashik",5244,Un-Aided,Adgaon Nashik
5249,"Trimurti Shikshan Prasarak Mandal, Trimurti Institute Of Technology, Paladhi Bk, Jalgaon",5249,Un-Aided,Jalgaon
5256,Matoshri Aasarabai Institute of Technology and Research Centre,5256,Un-Aided,Unknown
5263,"Matoshri Education Soceity, Matoshri Institute Of Technology, Dhanore, Nashik",5263,Un-Aided,Nashik
5303,"Hon. Shri. Babanrao Pachpute Vichardhara Trust, Group of Institutions (Integrated Campus)-Parikrama, Kashti Shrigondha,",5303,Un-Aided,Unknown
5330,"PUNE VIDYARTHI GRIHA’S COLLEGE OF ENGINEERING & SHRIKRUSHNA S. DHAMANKAR INSTITUTE OF MANAGEMENT, NASHIK",5330,Un-Aided,NASHIK
5331,"Sandip Foundation's, Sandip Institute of Engineering & Management, Nashik",5331,Un-Aided,Nashik
5365,"Vardhaman Education & Welfare Society, Ahinsa Institute of Technology, Post. Dondaicha,  Dhule",5365,Un-Aided,Dhule
5370,"Kedareshwar Gramin Vikas Pratishthan, Samajbhushan Eknathrao Dhakane  College, of Engineering, Shevgaon",5370,Un-Aided,Shevgaon
5380,"Adsul's Technical Campus, Chas Dist. Ahmednagar",5380,Un-Aided,Chas Dist. Ahmednagar
5381,"Shri. Jaykumar Rawal Institute of Technology, Dondaicha.",5381,Un-Aided,Dondaicha.
5382,"Ahmednagar Jilha Maratha Vidya Prasarak Samajache, Shri. Chhatrapati Shivaji Maharaj College of Engineering, Nepti",5382,Un-Aided,Nepti
5390,"K.V.N. Naik S. P. Sansth's Loknete Gopinathji Munde Institute of Engineering Education & Research, Nashik.",5390,Un-Aided,Nashik.
5395,Ashok Institute of Engineering & Technology,5395,Un-Aided,Unknown
5396,"College of Engineering and Technology ,North Maharashtra Knowledge City, Jalgaon",5396,Un-Aided,Jalgaon
5399,"Sanghavi College of Engineering, Varvandi, Nashik.",5399,Un-Aided,Nashik.
5401,"Jawahar Education Society's Institute of Technology, Management & Research, Nashik.",5401,Un-Aided,Nashik.
5408,"Vidya Niketan College of Engineering, Bota Sangamner",5408,Un-Aided,Bota Sangamner
5409,"Rajiv Gandhi College of Engineering, At Post Karjule Hariya Tal.Parner, Dist.Ahmednagar",5409,Un-Aided,Dist.Ahmednagar
5411,"Maulana Mukhtar Ahmad Nadvi Technical Campus, Malegaon.",5411,Un-Aided,Malegaon.
5414,"Nikam Institute of Technology(Polytechnic),Dhule",5414,Un-Aided,Dhule
5418,"Guru Gobind Singh College of Engineering & Research Centre, Nashik.",5418,Un-Aided,Nashik.
5433,"R.C. Patel College of Engineering and Polytechnic, Shirpur",5433,Un-Aided,Shirpur
5497,"P.G. College of Engineering & Technology, Nandurbar",5497,Un-Aided,Nandurbar
5509,"Shri Swami Samarth Institute of Management and Technology, Malwadi-Bota",5509,Un-Aided,Malwadi-Bota
5513,"MKD Institute of Technology, Nadurbar",5513,Un-Aided,Nadurbar
5545,"Shri Vile Parle Kelavani Mandal's College of Engineering, Shirpur",5545,Un-Aided,Shirpur
5597,VAMANRAO ITHAPE COLLEGE OF ENGINEERING AND MANAGEMENT,5597,Un-Aided,Unknown
6004,"Government College of Engineering & Research, Avasari Khurd",6004,Government,Avasari Khurd
6005,"Government College of Engineering, Karad",6005,Government Autonomous,Karad
6007,"Walchand College of Engineering, Sangli",6007,Government Autonomous,Sangli
6028,"Department of Technology, Shivaji University, Kolhapur",6028,University Department,Kolhapur
6028,"Department of Technology, Shivaji University, Kolhapur",6028,Un-Aided,Kolhapur
6036,"Government College of Engineering, Kolhapur",6036,Government,Kolhapur
6122,"TSSMS's Pd. Vasantdada Patil Institute of Technology, Bavdhan, Pune",6122,Un-Aided,Pune
6138,"Genba Sopanrao Moze Trust Parvatibai Genba Moze College of Engineering,Wagholi, Pune",6138,Un-Aided,Pune
6139,"Progressive Education Society's Modern College of Engineering, Pune",6139,Un-Aided Autonomous,Pune
6141,"Jaywant Shikshan Prasarak Mandal's,Rajarshi Shahu College of Engineering, Tathawade, Pune",6141,Un-Aided Autonomous,Pune
6144,"Genba Sopanrao Moze College of Engineering, Baner-Balewadi, Pune",6144,Un-Aided,Pune
6145,"JSPM'S Jaywantrao Sawant College of Engineering,Pune",6145,Un-Aided,Pune
6146,"MIT Academy of Engineering,Alandi, Pune",6146,Un-Aided Autonomous,Pune
6149,"Siddhant College of Engineering, A/p Sudumbare, Tal.Maval, Dist-Pune",6149,Un-Aided,Dist-Pune
6155,"G.H.Raisoni College of Engineering & Management, Wagholi, Pune",6155,Un-Aided Autonomous,Pune
6156,"Marathwada Mitra Mandal's College of Engineering, Karvenagar, Pune",6156,Un-Aided Autonomous,Pune
6175,"Pimpri Chinchwad Education Trust, Pimpri Chinchwad College of Engineering, Pune",6175,Un-Aided Autonomous,Pune
6177,"Sinhgad College of Engineering, Vadgaon (BK), Pune",6177,Un-Aided,Pune
6178,"Sinhgad Technical Education Society's Smt. Kashibai Navale College of Engineering,Vadgaon,Pune",6178,Un-Aided,Pune
6179,"Indira College of Engineering & Management, Pune",6179,Un-Aided Autonomous,Pune
6182,"Sinhgad Technical Education Society, Sinhgad Institute of Technology and Science, Narhe (Ambegaon)",6182,Un-Aided,Narhe (Ambegaon)
6183,"Al-Ameen Educational and Medical Foundation, College of Engineering, Koregaon, Bhima",6183,Un-Aided,Bhima
6184,"K. J.'s Educational Institut Trinity College of Engineering and Research, Pisoli, Haveli",6184,Un-Aided Autonomous,Haveli
6185,Sinhgad Institute of Technology,6185,Un-Aided,Unknown
6187,"Sinhgad Academy of Engineering, Kondhwa (BK)  Kondhwa-Saswad Road, Pune",6187,Un-Aided,Pune
6203,"Marathwada Mitra Mandal's Institute of Technology, Lohgaon, Pune",6203,Un-Aided,Pune
6206,"Pune District Education  Association's College of Engineering, Manjari(Bk), Hadapsar, Pune",6206,Un-Aided,Pune
6207,"Dr. D. Y. Patil Unitech Society's Dr. D. Y. Patil  Institute of Technology, Pimpri, Pune",6207,Un-Aided,Pune
6214,"K. E. Society's Rajarambapu Institute of Technology, Walwa, Sangli",6214,Un-Aided Autonomous,Sangli
6217,"Shri. Balasaheb Mane Shikshan  Prasarak Mandal's, Ashokrao Mane Group of Institutions",6217,Un-Aided Autonomous,Ashokrao Mane Group of Institutions
6219,"KSGBS's Bharat- Ratna Indira Gandhi College of Engineering, Kegaon, Solapur",6219,Un-Aided,Solapur
6220,"SVERI's College of Engineering, Pandharpur",6220,Un-Aided Autonomous,Pandharpur
6222,"Dattajirao Kadam Technical Education Society's Textile & Engineering Institute, Ichalkaranji.",6222,Un-Aided Autonomous,Ichalkaranji.
6223,"Pradnya Niketan Education Society's Nagesh Karajagi Orchid College of Engineering & Technology, Solapur",6223,Un-Aided Autonomous,Solapur
6250,"D.Y. Patil College of Engineering and Technology, Kolhapur",6250,Un-Aided Autonomous,Kolhapur
6265,"Walchand Institute of Technology, Solapur",6265,Un-Aided Autonomous,Solapur
6267,"Kolhapur Institute of Technology's College of Engineering(Autonomous), Kolhapur",6267,Un-Aided Autonomous,Kolhapur
6268,"Tatyasaheb Kore Institute of Engineering and Technology, Warananagar",6268,Un-Aided Autonomous,Warananagar
6269,"Shetkari Shikshan Mandal's Pad. Vasantraodada Patil Institute of Technology, Budhgaon, Sangli",6269,Un-Aided Autonomous,Sangli
6270,"Rayat Shikshan Sanstha's Karmaveer Bhaurao Patil College of Engineering, Satara",6270,Un-Aided,Satara
6271,Pune Institute of Computer Technology,6271,Un-Aided Autonomous,Unknown
6272,"Dr. D. Y. Patil Pratishthan's D.Y.Patil College of Engineering Akurdi, Pune",6272,Un-Aided Autonomous,Pune
6273,"Bansilal Ramnath Agarawal Charitable Trust's Vishwakarma Institute of Technology, Bibwewadi, Pune",6273,Un-Aided Autonomous,Pune
6274,"PVG's College of Engineering, Technology & Management",6274,Un-Aided Autonomous,Technology & Management
6275,"Shivnagar Vidya Prasarak Mandal's College of Engineering, Malegaon-Baramati",6275,Un-Aided,Malegaon-Baramati
6276,"MKSSS's Cummins College of Engineering for Women, Karvenagar,Pune",6276,Un-Aided Autonomous,Pune
6277,"Dr. J. J. Magdum  Charitable Trust's Dr. J.J. Magdum College of Engineering, Jaysingpur",6277,Un-Aided Autonomous,Jaysingpur
6278,"All India Shri Shivaji Memorial Society's College of Engineering, Pune",6278,Un-Aided Autonomous,Pune
6281,"Modern Education Society's Wadia College of Engineering, Pune",6281,Un-Aided,Pune
6282,"All India Shri Shivaji Memorial Society's Institute of Information Technology,Pune",6282,Un-Aided Autonomous,Pune
6283,"Annasaheb Dange College of Engineering and Technology, Ashta, Sangli",6283,Un-Aided Autonomous,Sangli
6284,"Vidya Pratishthan's Kamalnayan Bajaj Institute of Engineering & Technology, Baramati Dist.Pune",6284,Un-Aided Autonomous,Baramati Dist.Pune
6288,"Bharati Vidyapeeth's College of Engineering, Kolhapur",6288,Un-Aided,Kolhapur
6293,"Kai Amdar  Bramhadevdada Mane Shikshan & Samajik Prathistan's Bramhadevdada Mane Institute of Technology, Solapur",6293,Un-Aided,Solapur
6298,"Zeal Education Society's Zeal College of Engineering & Reserch, Narhe, Pune",6298,Un-Aided Autonomous,Pune
6303,"Dr. Ashok Gujar Technical Institute's  Dr. Daulatrao Aher College of Engineering, Karad",6303,Un-Aided,Karad
6304,"Loknete Hanumantrao Charitable Trust's Adarsh Institute of Technology and Research Centre, Vita,Sangli",6304,Un-Aided Autonomous,Sangli
6305,"Late Narayandas Bhawandas Chhabada Institute of Engineering & Technology, Satara",6305,Un-Aided Autonomous,Satara
6307,"Dhole Patil Education Society, Dhole Patil College of Engineering, Wagholi, Tal. Haveli",6307,Un-Aided,Tal. Haveli
6308,"Shanti Education Society, A.G. Patil Institute of Technology, Soregaon, Solapur(North)",6308,Un-Aided,Solapur(North)
6310,"Nutan Maharashtra Vidya Prasarak Mandal, Nutan Maharashtra Institute of Engineering &Technology, Talegaon station, Pune",6310,Un-Aided Autonomous,Pune
6311,"Jayawant Shikshan Prasarak Mandal, Bhivarabai Sawant Institute of Technology & Research, Wagholi",6311,Un-Aided,Wagholi
6313,"Jaywant College of Engineering & Polytechnic , Kille Macchindragad Tal. Walva District- Sangali",6313,Un-Aided,Kille Macchindragad Tal. Walva District- Sangali
6315,Sanjeevan Group of Institutions,6315,Un-Aided,Unknown
6317,"Sharad Institute of Technology College of Engineering, Yadrav(Ichalkaranji)",6317,Un-Aided Autonomous,Yadrav(Ichalkaranji)
6319,"Shahajirao Patil Vikas Pratishthan, S.B.Patil College of Engineering, Vangali, Tal. Indapur",6319,Un-Aided,Tal. Indapur
6320,"K.J.'s Educational Institute's K.J.College of Engineering & Management Research, Pisoli",6320,Un-Aided,Pisoli
6321,"Vidya Vikas Pratishthan Institute of Engineering and Technology, Solapur",6321,Un-Aided,Solapur
6322,"Shree Gajanan Maharaj Shikshan Prasarak Manda'l Sharadchandra Pawar College of Engineering, Dumbarwadi",6322,Un-Aided,Dumbarwadi
6324,Rajgad Technical Campus,6324,Un-Aided,Unknown
6325,"Alard  Charitable Trust's Alard College of Engineering and Management, Pune",6325,Un-Aided,Pune
6326,Karmayogi Institute of Technology,6326,Un-Aided,Unknown
6402,"NEW INSTITUTE OF TECHNOLOGY,KOLHAPUR",6402,Un-Aided,KOLHAPUR
6444,"Shriram Institute Of Engineering & Technology, (Poly), Paniv",6444,Un-Aided,Paniv
6466,"Shree Santkrupa Shikshan Sanstha, Shree Santkrupa Institute Of Engineering & Technology, Karad",6466,Un-Aided,Karad
6467,"Swami Vivekanand Institute Of Technology, Solapur",6467,Un-Aided,Solapur
6468,"Swami Vivekananda Shikshan Sanstha, Dr. Bapuji Salunkhe Institute Of Engineering & Technology,Kolhapur",6468,Un-Aided,Kolhapur
6545,"Samarth Education Trust's Arvind Gavali College Of Engineering Panwalewadi, Varye,Satara.",6545,Un-Aided Autonomous,Satara.
6609,"Jaihind College Of Engineering,Kuran",6609,Un-Aided,Kuran
6622,ISBM College Of Engineering Pune,6622,Un-Aided,Unknown
6625,"Universal College of Engineering & Research, Sasewadi",6625,Un-Aided,Sasewadi
6628,"Dattakala Group Of Institutions, Swami - Chincholi Tal. Daund Dist. Pune",6628,Un-Aided,Swami - Chincholi Tal. Daund Dist. Pune
6632,Navsahyadri Education Society's Group of Institutions,6632,Un-Aided,Unknown
6634,"KJEI's Trinity Academy of Engineering, Yewalewadi, Pune",6634,Un-Aided,Pune
6635,Samarth College of Engineering and Management,6635,Un-Aided,Unknown
6640,"N. B. Navale Sinhgad College of Engineering, Kegaon, solapur",6640,Un-Aided,solapur
6643,"S K N Sinhgad College of Engineering, Korti Tal. Pandharpur Dist Solapur",6643,Un-Aided,Korti Tal. Pandharpur Dist Solapur
6644,"Shri. Ambabai Talim Sanstha's Sanjay Bhokare Group of Institutes, Miraj",6644,Un-Aided Autonomous,Miraj
6649,"TSSM's Bhivarabai Sawant College of Engineering and Research, Narhe, Pune",6649,Un-Aided,Pune
6714,"APPASAHEB ALIAS SA.RE.PATIL INSTITUTE OF TECHNOLOGY, Dattanagar  Tal-Shirol, Dist Kolhapur",6714,Un-Aided,Dist Kolhapur
6715,Babasaheb Phadtare Engineering & Technology Kalamb-Walchandnagar Tal Indapur Dist Pune,6715,Un-Aided,Unknown
6732,"Ajeenkya DY Patil School of Engineering, Lohegaon, Pune",6732,Un-Aided,Pune
6754,"International Institute of Information Technology (I²IT), Pune.",6754,Un-Aided Autonomous,Pune.
6755,"JSPM Narhe Technical Campus, Pune.",6755,Un-Aided,Pune.
6756,"Fabtech Technical Campus College of Engineering and Research, Sangola",6756,Un-Aided Autonomous,Sangola
6757,"Yashoda Technical Campus, Wadhe, Satara.",6757,Un-Aided,Satara.
6758,"Sahyadri Valley College of Engineering & Technology, Rajuri, Pune.",6758,Un-Aided,Pune.
6759,"Shree Ramchandra College of Engineering, Lonikand,Pune",6759,Un-Aided,Pune
6762,"Nanasaheb Mahadik College of Engineering,Walwa, Sangli.",6762,Un-Aided,Sangli.
6766,Phaltan Education Society's College of Engineering Thakurki Tal- Phaltan Dist-Satara,6766,Un-Aided,Unknown
6767,"Suman Ramesh Tulsiani Technical Campus: Faculty of Engineering, Kamshet,Pune.",6767,Un-Aided,Pune.
6768,"P.K. Technical Campus, Pune.",6768,Un-Aided,Pune.
6769,"Rasiklal M. Dhariwal Sinhgad Technical Institutes Campus, Warje, Pune.",6769,Un-Aided,Pune.
6770,"SKN Sinhgad Institute of Technology & Science, Kusgaon(BK),Pune.",6770,Un-Aided,Pune.
6771,"Flora Institute of Technology, Khopi, Near Khed Shivapur Toll Plaza, Pune",6771,Un-Aided,Pune
6772,"NBN Sinhgad Technical Institutes Campus, Pune",6772,Un-Aided,Pune
6780,"D.Y.Patil Education Society's,D.Y.Patil Technical Campus, Faculty of Engineering & Faculty of Management,Talsande,Kolhapur.",6780,Un-Aided Autonomous,Kolhapur.
6781,"Bhagwant Institute of Technology, Barshi",6781,Un-Aided,Barshi
6782,"Sahakar Maharshee Shankarrao Mohite Patil Institute of Technology & Research, Akluj",6782,Un-Aided,Akluj
6794,"Anantrao Pawar College of Engineering & Research, Pune",6794,Un-Aided,Pune
6795,"Shri.Someshwar Shikshan Prasarak Mandal, Sharadchandra Pawar College of Engineering & Technology, Someshwar Nagar",6795,Un-Aided,Someshwar Nagar
6796,"Bharati Vidyapeeth's College of Engineering,Lavale, Pune",6796,Un-Aided,Pune
6797,"Dnyanshree Institute Engineering and Technology, Satara",6797,Un-Aided,Satara
6799,"Shivganga Charitable Trust, Sangli Vishveshwarya Technical Campus, Faculty of Diploma Engineering, Patgaon, Miraj",6799,Un-Aided,Miraj
6803,"Sant Gajanan Maharaj College of Engineering, Gadhinglaj",6803,Un-Aided,Gadhinglaj
6808,"Keystone School of Engineering, Pune",6808,Un-Aided,Pune
6811,Sanjay Ghodawat Institute,6811,Un-Aided,Unknown
6815,"Vidya Prasarini Sabha's College of Engineering & Technology, Lonavala",6815,Un-Aided,Lonavala
6822,"Pimpri Chinchwad Education Trust's Pimpri Chinchwad College Of Engineering And Research, Ravet",6822,Un-Aided Autonomous,Ravet
6834,"Dr.D.Y.Patil College Of Engineering & Innovation,Talegaon",6834,Un-Aided Autonomous,Talegaon
6839,"Dr. D Y Patil Pratishthan's College of Engineering, Kolhapur",6839,Un-Aided,Kolhapur
6878,"Dr. A. D. Shinde College Of Engineering, Tal.Gadhinglaj, Kolhapur",6878,Un-Aided,Kolhapur
6901,"MAEER's MIT College of Railway Engineering and Research, Jamgaon, Barshi",6901,Un-Aided,Barshi
6991,"Dr. D.Y. Patil Technical Campus, Varale, Talegaon, Pune",6991,Un-Aided,Pune
14005,"Laxminarayan Innovation Technological University, Nagpur",14005,Unknown,Nagpur
16006,COEP Technological University,16006,Unknown,Unknown
16121,"Shri. Anandrao Abitkar College of Engineering, Pal",16121,Un-Aided,Pal
16351,"Vidya Niketan Institute of Engineering & Technology, Lakhewadi",16351,Un-Aided,Lakhewadi
16352,"Yashoda Mahadeo Kakade College of Engineering, Talegaon",16352,Un-Aided,Talegaon
16354,DNYANVILAS COLLEGE OF ENGINEERING,16354,Un-Aided,Unknown
16355,Audyogik Shikshan Mandal's Nextgen Technical Campus,16355,Un-Aided,Unknown
16357,MES MUKUNDDAS LOHIA COLLEGE OF ENGINEERING,16357,Un-Aided,Unknown
16361,"Zeal College of Engineering & Research, Induri, Pune (Off Campus-Induri)",16361,Un-Aided Autonomous,Pune (Off Campus-Induri)
